claim_id,denial_probability,predicted_denial,risk_tier,top_risk_factors,explanation
CCLM-00285,0.6372,1,High,Prior authorization required but not on file | Required documentation appears to be missing,"This claim has a high estimated denial risk (64%), driven mainly by: prior authorization required but not on file. Recommended action: obtain and attach the prior authorization before submitting. This is a risk estimate, not a guarantee the claim will be denied."
CCLM-00352,0.6296,1,High,Prior authorization required but not on file | Required documentation appears to be missing | Billed amount much higher than expected payment,"This claim has a high estimated denial risk (63%), driven mainly by: prior authorization required but not on file. Recommended action: obtain and attach the prior authorization before submitting. This is a risk estimate, not a guarantee the claim will be denied."
CCLM-00087,0.6178,1,High,Required documentation appears to be missing | Patient eligibility not verified | Provider is out of network for this payer,"This claim has a high estimated denial risk (62%), driven mainly by: required documentation appears to be missing. Recommended action: gather the missing supporting documents. This is a risk estimate, not a guarantee the claim will be denied."
CCLM-00013,0.6138,1,High,Prior authorization required but not on file | Patient eligibility not verified | Billed amount much higher than expected payment,"This claim has a high estimated denial risk (61%), driven mainly by: prior authorization required but not on file. Recommended action: obtain and attach the prior authorization before submitting. This is a risk estimate, not a guarantee the claim will be denied."
CCLM-00372,0.6026,1,High,Prior authorization required but not on file | Required documentation appears to be missing | Billed amount much higher than expected payment,"This claim has a high estimated denial risk (60%), driven mainly by: prior authorization required but not on file. Recommended action: obtain and attach the prior authorization before submitting. This is a risk estimate, not a guarantee the claim will be denied."
CCLM-00023,0.6025,1,High,Prior authorization required but not on file | Required documentation appears to be missing | Claim submitted late (timely-filing risk),"This claim has a high estimated denial risk (60%), driven mainly by: prior authorization required but not on file. Recommended action: obtain and attach the prior authorization before submitting. This is a risk estimate, not a guarantee the claim will be denied."
CCLM-00062,0.5742,1,High,Prior authorization required but not on file | Patient eligibility not verified,"This claim has a high estimated denial risk (57%), driven mainly by: prior authorization required but not on file. Recommended action: obtain and attach the prior authorization before submitting. This is a risk estimate, not a guarantee the claim will be denied."
CCLM-00213,0.5702,1,High,Prior authorization required but not on file | Claim submitted late (timely-filing risk),"This claim has a high estimated denial risk (57%), driven mainly by: prior authorization required but not on file. Recommended action: obtain and attach the prior authorization before submitting. This is a risk estimate, not a guarantee the claim will be denied."
CCLM-00279,0.5624,1,High,Required documentation appears to be missing | Claim submitted late (timely-filing risk),"This claim has a high estimated denial risk (56%), driven mainly by: required documentation appears to be missing. Recommended action: gather the missing supporting documents. This is a risk estimate, not a guarantee the claim will be denied."
CCLM-00177,0.5549,1,High,Prior authorization required but not on file | Required documentation appears to be missing | Claim submitted late (timely-filing risk),"This claim has a high estimated denial risk (55%), driven mainly by: prior authorization required but not on file. Recommended action: obtain and attach the prior authorization before submitting. This is a risk estimate, not a guarantee the claim will be denied."
CCLM-00407,0.5495,1,High,Prior authorization required but not on file | Required documentation appears to be missing,
CCLM-00099,0.5425,1,High,Prior authorization required but not on file | Provider is out of network for this payer | Billed amount much higher than expected payment,
CCLM-00049,0.5422,1,High,Prior authorization required but not on file | Referral required but not present | Required documentation appears to be missing,
CCLM-00280,0.5381,1,High,Required documentation appears to be missing | Patient eligibility not verified,
CCLM-00135,0.5375,1,High,Required documentation appears to be missing | Patient eligibility not verified | Claim submitted late (timely-filing risk),
CCLM-00380,0.5337,1,High,Required documentation appears to be missing | Claim submitted late (timely-filing risk) | Billed amount much higher than expected payment,
CCLM-00259,0.5299,1,High,Prior authorization required but not on file | Referral required but not present,
CCLM-00416,0.5234,1,High,Prior authorization required but not on file | Patient eligibility not verified,
CCLM-00386,0.5225,1,High,Required documentation appears to be missing | Claim submitted late (timely-filing risk),
CCLM-00344,0.5224,1,High,Prior authorization required but not on file | Required documentation appears to be missing,
CCLM-00381,0.522,1,High,Required documentation appears to be missing | Claim submitted late (timely-filing risk),
CCLM-00082,0.5184,1,High,Referral required but not present | Required documentation appears to be missing | Patient eligibility not verified,
CCLM-00028,0.5099,1,High,Required documentation appears to be missing | Patient eligibility not verified,
CCLM-00500,0.4943,1,High,Required documentation appears to be missing | Claim submitted late (timely-filing risk),
CCLM-00136,0.4796,1,High,Referral required but not present | Required documentation appears to be missing,
CCLM-00051,0.4795,1,High,Prior authorization required but not on file | Required documentation appears to be missing | Provider is out of network for this payer,
CCLM-00152,0.4764,1,High,Required documentation appears to be missing | Claim submitted late (timely-filing risk),
CCLM-00290,0.4667,1,High,Prior authorization required but not on file,
CCLM-00176,0.4558,1,High,Prior authorization required but not on file,
CCLM-00307,0.4553,1,High,Required documentation appears to be missing | Claim submitted late (timely-filing risk),
CCLM-00477,0.4432,1,High,Prior authorization required but not on file | Provider is out of network for this payer,
CCLM-00179,0.44,1,High,Prior authorization required but not on file | Billed amount much higher than expected payment,
CCLM-00459,0.4317,1,High,Prior authorization required but not on file | Patient eligibility not verified | Provider is out of network for this payer,
CCLM-00147,0.4314,1,High,Prior authorization required but not on file,
CCLM-00446,0.4265,1,High,Required documentation appears to be missing | Patient eligibility not verified | Provider is out of network for this payer,
CCLM-00163,0.4234,1,High,Prior authorization required but not on file | Referral required but not present | Provider is out of network for this payer,
CCLM-00221,0.4211,1,High,Required documentation appears to be missing | Billed amount much higher than expected payment,
CCLM-00063,0.4167,1,High,Patient eligibility not verified | Provider is out of network for this payer | Claim submitted late (timely-filing risk),
CCLM-00481,0.4159,1,High,Prior authorization required but not on file | Claim submitted late (timely-filing risk),
CCLM-00463,0.4065,1,High,Claim submitted late (timely-filing risk) | Billed amount much higher than expected payment,
CCLM-00134,0.4053,1,High,Prior authorization required but not on file | Referral required but not present | Required documentation appears to be missing,
CCLM-00214,0.4033,1,High,Patient eligibility not verified | Provider is out of network for this payer | Claim submitted late (timely-filing risk),
CCLM-00116,0.4013,1,High,Referral required but not present | Patient eligibility not verified,
CCLM-00473,0.3951,1,High,Required documentation appears to be missing | Claim submitted late (timely-filing risk),
CCLM-00085,0.3924,1,High,Prior authorization required but not on file,
CCLM-00492,0.387,1,High,Required documentation appears to be missing,
CCLM-00042,0.3869,1,High,Prior authorization required but not on file | Required documentation appears to be missing,
CCLM-00272,0.3867,1,High,Patient eligibility not verified | Claim submitted late (timely-filing risk),
CCLM-00125,0.3866,1,High,Required documentation appears to be missing | Claim submitted late (timely-filing risk),
CCLM-00170,0.3791,1,High,Required documentation appears to be missing | Patient eligibility not verified,
CCLM-00203,0.3761,1,High,Required documentation appears to be missing,
CCLM-00174,0.3757,1,High,Required documentation appears to be missing,
CCLM-00158,0.3731,1,High,Required documentation appears to be missing,
CCLM-00299,0.3727,1,High,Required documentation appears to be missing | Billed amount much higher than expected payment,
CCLM-00383,0.3726,1,High,Referral required but not present | Patient eligibility not verified | Claim submitted late (timely-filing risk),
CCLM-00461,0.3721,1,High,Prior authorization required but not on file,
CCLM-00365,0.3705,1,High,Required documentation appears to be missing | Provider is out of network for this payer,
CCLM-00165,0.3647,1,High,Prior authorization required but not on file | Provider is out of network for this payer,
CCLM-00180,0.3568,1,High,Required documentation appears to be missing | Billed amount much higher than expected payment,
CCLM-00476,0.3548,1,High,Required documentation appears to be missing,
CCLM-00470,0.3542,1,High,Prior authorization required but not on file,
CCLM-00471,0.3524,1,High,Prior authorization required but not on file,
CCLM-00377,0.3522,1,High,Prior authorization required but not on file,
CCLM-00410,0.3517,1,High,Patient eligibility not verified | Provider is out of network for this payer | Claim submitted late (timely-filing risk),
CCLM-00058,0.3483,1,High,Required documentation appears to be missing | Patient eligibility not verified,
CCLM-00308,0.3466,1,High,Required documentation appears to be missing,
CCLM-00037,0.3461,1,High,Prior authorization required but not on file | Patient eligibility not verified,
CCLM-00044,0.3456,1,High,Patient eligibility not verified | Provider is out of network for this payer | Billed amount much higher than expected payment,
CCLM-00432,0.3403,1,High,Prior authorization required but not on file | Required documentation appears to be missing,
CCLM-00294,0.3397,1,High,Prior authorization required but not on file,
CCLM-00019,0.3381,1,High,Required documentation appears to be missing,
CCLM-00224,0.3366,1,High,Prior authorization required but not on file | Provider is out of network for this payer,
CCLM-00385,0.3344,1,High,Required documentation appears to be missing,
CCLM-00011,0.3311,1,High,Patient eligibility not verified | Billed amount much higher than expected payment,
CCLM-00252,0.3307,1,High,Required documentation appears to be missing,
CCLM-00370,0.3295,1,High,Patient eligibility not verified,
CCLM-00054,0.3273,1,High,Required documentation appears to be missing,
CCLM-00130,0.327,1,High,Required documentation appears to be missing,
CCLM-00295,0.3246,1,High,Patient eligibility not verified | Billed amount much higher than expected payment,
CCLM-00254,0.3235,1,High,Required documentation appears to be missing | Provider is out of network for this payer,
CCLM-00288,0.321,1,High,Patient eligibility not verified | Provider is out of network for this payer,
CCLM-00126,0.3144,1,High,Required documentation appears to be missing | Claim submitted late (timely-filing risk),
CCLM-00239,0.3142,1,High,Prior authorization required but not on file | Billed amount much higher than expected payment,
CCLM-00202,0.3137,1,High,Required documentation appears to be missing,
CCLM-00088,0.3137,1,High,Patient eligibility not verified | Provider is out of network for this payer,
CCLM-00098,0.3115,1,High,Patient eligibility not verified,
CCLM-00222,0.3102,1,High,Patient eligibility not verified,
CCLM-00192,0.3046,1,High,No dominant risk flags; elevated by feature combination,
CCLM-00117,0.302,1,High,Patient eligibility not verified,
CCLM-00115,0.2994,1,High,Required documentation appears to be missing | Claim submitted late (timely-filing risk),
CCLM-00468,0.2985,1,High,Required documentation appears to be missing,
CCLM-00137,0.2962,1,High,Patient eligibility not verified,
CCLM-00311,0.294,1,High,Prior authorization required but not on file,
CCLM-00401,0.2929,1,High,Required documentation appears to be missing,
CCLM-00166,0.2923,1,High,Required documentation appears to be missing,
CCLM-00094,0.2921,1,High,Prior authorization required but not on file | Provider is out of network for this payer | Claim submitted late (timely-filing risk),
CCLM-00305,0.2901,1,High,Provider is out of network for this payer | Claim submitted late (timely-filing risk),
CCLM-00209,0.2897,1,High,Patient eligibility not verified,
CCLM-00447,0.2875,1,High,Claim submitted late (timely-filing risk),
CCLM-00334,0.2874,1,High,Patient eligibility not verified | Claim submitted late (timely-filing risk),
CCLM-00184,0.2855,1,High,No dominant risk flags; elevated by feature combination,
CCLM-00104,0.2837,1,High,Prior authorization required but not on file | Claim submitted late (timely-filing risk),
CCLM-00231,0.2821,1,High,Patient eligibility not verified | Provider is out of network for this payer,
CCLM-00392,0.2817,1,High,Referral required but not present | Billed amount much higher than expected payment,
CCLM-00182,0.2811,1,High,Required documentation appears to be missing,
CCLM-00032,0.2778,0,Medium,Required documentation appears to be missing,
CCLM-00491,0.2762,0,Medium,Required documentation appears to be missing,
CCLM-00139,0.2755,0,Medium,Required documentation appears to be missing,
CCLM-00108,0.2745,0,Medium,Required documentation appears to be missing,
CCLM-00364,0.2742,0,Medium,Required documentation appears to be missing,
CCLM-00338,0.2725,0,Medium,Patient eligibility not verified | Billed amount much higher than expected payment,
CCLM-00253,0.2723,0,Medium,Patient eligibility not verified,
CCLM-00268,0.2721,0,Medium,Provider is out of network for this payer | Claim submitted late (timely-filing risk),
CCLM-00006,0.272,0,Medium,Required documentation appears to be missing | Provider is out of network for this payer,
CCLM-00055,0.2707,0,Medium,Prior authorization required but not on file,
CCLM-00190,0.2688,0,Medium,Patient eligibility not verified | Provider is out of network for this payer,
CCLM-00384,0.2678,0,Medium,Required documentation appears to be missing,
CCLM-00173,0.2672,0,Medium,Claim submitted late (timely-filing risk),
CCLM-00337,0.2664,0,Medium,Required documentation appears to be missing,
CCLM-00003,0.2655,0,Medium,Patient eligibility not verified,
CCLM-00017,0.2642,0,Medium,Required documentation appears to be missing,
CCLM-00039,0.2641,0,Medium,Required documentation appears to be missing,
CCLM-00475,0.2618,0,Medium,Patient eligibility not verified,
CCLM-00248,0.2616,0,Medium,Required documentation appears to be missing,
CCLM-00068,0.2608,0,Medium,Required documentation appears to be missing,
CCLM-00296,0.257,0,Medium,Patient eligibility not verified,
CCLM-00191,0.2533,0,Medium,Billed amount much higher than expected payment,
CCLM-00439,0.2524,0,Medium,Referral required but not present | Required documentation appears to be missing,
CCLM-00328,0.2485,0,Medium,Referral required but not present | Billed amount much higher than expected payment,
CCLM-00124,0.2481,0,Medium,Claim submitted late (timely-filing risk),
CCLM-00189,0.2479,0,Medium,Patient eligibility not verified,
CCLM-00199,0.2478,0,Medium,Patient eligibility not verified,
CCLM-00310,0.2461,0,Medium,Patient eligibility not verified,
CCLM-00376,0.2439,0,Medium,Claim submitted late (timely-filing risk),
CCLM-00157,0.243,0,Medium,Patient eligibility not verified,
CCLM-00217,0.2426,0,Medium,Prior authorization required but not on file,
CCLM-00443,0.2425,0,Medium,Provider is out of network for this payer | Claim submitted late (timely-filing risk),
CCLM-00345,0.2419,0,Medium,Patient eligibility not verified,
CCLM-00388,0.2418,0,Medium,Referral required but not present,
CCLM-00046,0.2404,0,Medium,Required documentation appears to be missing,
CCLM-00077,0.2397,0,Medium,Referral required but not present | Billed amount much higher than expected payment,
CCLM-00206,0.2388,0,Medium,Billed amount much higher than expected payment,
CCLM-00324,0.2387,0,Medium,Prior authorization required but not on file,
CCLM-00441,0.2387,0,Medium,Patient eligibility not verified,
CCLM-00102,0.2384,0,Medium,Claim submitted late (timely-filing risk),
CCLM-00255,0.2384,0,Medium,Prior authorization required but not on file,
CCLM-00151,0.2381,0,Medium,Patient eligibility not verified,
CCLM-00494,0.2366,0,Medium,No dominant risk flags; elevated by feature combination,
CCLM-00168,0.2329,0,Medium,Referral required but not present | Provider is out of network for this payer,
CCLM-00317,0.2319,0,Medium,Required documentation appears to be missing | Provider is out of network for this payer,
CCLM-00304,0.2315,0,Medium,Patient eligibility not verified,
CCLM-00321,0.2307,0,Medium,Required documentation appears to be missing,
CCLM-00421,0.2298,0,Medium,Provider is out of network for this payer,
CCLM-00247,0.2283,0,Medium,Provider is out of network for this payer | Billed amount much higher than expected payment,
CCLM-00144,0.2276,0,Medium,Provider is out of network for this payer,
CCLM-00159,0.2272,0,Medium,No dominant risk flags; elevated by feature combination,
CCLM-00263,0.2268,0,Medium,Prior authorization required but not on file,
CCLM-00196,0.2258,0,Medium,Provider is out of network for this payer | Billed amount much higher than expected payment,
CCLM-00053,0.2246,0,Medium,Required documentation appears to be missing,
CCLM-00318,0.2242,0,Medium,Prior authorization required but not on file,
CCLM-00331,0.2239,0,Medium,Patient eligibility not verified,
CCLM-00431,0.2235,0,Medium,Required documentation appears to be missing,
CCLM-00089,0.2233,0,Medium,Provider is out of network for this payer,
CCLM-00422,0.2226,0,Medium,Provider is out of network for this payer,
CCLM-00287,0.2223,0,Medium,Required documentation appears to be missing | Provider is out of network for this payer,
CCLM-00009,0.2211,0,Medium,Billed amount much higher than expected payment,
CCLM-00271,0.2209,0,Medium,No dominant risk flags; elevated by feature combination,
CCLM-00393,0.2198,0,Medium,Required documentation appears to be missing,
CCLM-00050,0.2197,0,Medium,Patient eligibility not verified,
CCLM-00402,0.2194,0,Medium,Prior authorization required but not on file | Claim submitted late (timely-filing risk),
CCLM-00269,0.218,0,Medium,Referral required but not present | Billed amount much higher than expected payment,
CCLM-00270,0.218,0,Medium,Claim submitted late (timely-filing risk),
CCLM-00424,0.2177,0,Medium,Claim submitted late (timely-filing risk),
CCLM-00341,0.217,0,Medium,Referral required but not present,
CCLM-00455,0.2144,0,Medium,Referral required but not present | Billed amount much higher than expected payment,
CCLM-00040,0.2139,0,Medium,Provider is out of network for this payer,
CCLM-00204,0.2124,0,Medium,Referral required but not present | Required documentation appears to be missing,
CCLM-00354,0.2123,0,Medium,Claim submitted late (timely-filing risk),
CCLM-00092,0.2119,0,Medium,No dominant risk flags; elevated by feature combination,
CCLM-00101,0.2117,0,Medium,No dominant risk flags; elevated by feature combination,
CCLM-00240,0.2111,0,Medium,Required documentation appears to be missing,
CCLM-00474,0.2106,0,Medium,No dominant risk flags; elevated by feature combination,
CCLM-00313,0.2104,0,Medium,Claim submitted late (timely-filing risk),
CCLM-00109,0.2096,0,Medium,Billed amount much higher than expected payment,
CCLM-00315,0.2095,0,Medium,No dominant risk flags; elevated by feature combination,
CCLM-00076,0.2082,0,Medium,No dominant risk flags; elevated by feature combination,
CCLM-00178,0.2082,0,Medium,Billed amount much higher than expected payment,
CCLM-00148,0.208,0,Medium,Patient eligibility not verified,
CCLM-00320,0.2061,0,Medium,Billed amount much higher than expected payment,
CCLM-00171,0.2056,0,Medium,Required documentation appears to be missing,
CCLM-00452,0.2048,0,Medium,Provider is out of network for this payer,
CCLM-00031,0.2047,0,Medium,No dominant risk flags; elevated by feature combination,
CCLM-00212,0.2046,0,Medium,Referral required but not present,
CCLM-00405,0.204,0,Medium,Required documentation appears to be missing,
CCLM-00464,0.203,0,Medium,Claim submitted late (timely-filing risk),
CCLM-00373,0.2023,0,Medium,Claim submitted late (timely-filing risk),
CCLM-00291,0.2022,0,Medium,Billed amount much higher than expected payment,
CCLM-00103,0.2019,0,Medium,Prior authorization required but not on file,
CCLM-00195,0.2015,0,Medium,No dominant risk flags; elevated by feature combination,
CCLM-00496,0.201,0,Medium,No dominant risk flags; elevated by feature combination,
CCLM-00143,0.2004,0,Medium,Prior authorization required but not on file,
CCLM-00262,0.2,0,Medium,No dominant risk flags; elevated by feature combination,
CCLM-00091,0.1998,0,Medium,Claim submitted late (timely-filing risk),
CCLM-00467,0.1997,0,Medium,No dominant risk flags; elevated by feature combination,
CCLM-00187,0.1994,0,Medium,Required documentation appears to be missing,
CCLM-00319,0.1989,0,Medium,No dominant risk flags; elevated by feature combination,
CCLM-00275,0.1984,0,Medium,No dominant risk flags; elevated by feature combination,
CCLM-00128,0.1977,0,Medium,Provider is out of network for this payer,
CCLM-00382,0.1975,0,Medium,Referral required but not present,
CCLM-00067,0.1962,0,Medium,Billed amount much higher than expected payment,
CCLM-00359,0.196,0,Medium,No dominant risk flags; elevated by feature combination,
CCLM-00156,0.1956,0,Medium,Referral required but not present | Provider is out of network for this payer,
CCLM-00014,0.1953,0,Medium,Referral required but not present,
CCLM-00457,0.195,0,Medium,No dominant risk flags; elevated by feature combination,
CCLM-00018,0.1942,0,Medium,Provider is out of network for this payer,
CCLM-00326,0.1923,0,Medium,No dominant risk flags; elevated by feature combination,
CCLM-00071,0.1917,0,Medium,Billed amount much higher than expected payment,
CCLM-00397,0.1908,0,Medium,Provider is out of network for this payer,
CCLM-00360,0.1906,0,Medium,No dominant risk flags; elevated by feature combination,
CCLM-00106,0.1902,0,Medium,Billed amount much higher than expected payment,
CCLM-00007,0.1896,0,Medium,Patient eligibility not verified,
CCLM-00081,0.1892,0,Medium,No dominant risk flags; elevated by feature combination,
CCLM-00215,0.189,0,Medium,Provider is out of network for this payer,
CCLM-00333,0.1886,0,Medium,Provider is out of network for this payer,
CCLM-00423,0.1886,0,Medium,No dominant risk flags; elevated by feature combination,
CCLM-00469,0.1882,0,Medium,Provider is out of network for this payer,
CCLM-00448,0.1879,0,Medium,Prior authorization required but not on file,
CCLM-00371,0.1879,0,Medium,Prior authorization required but not on file,
CCLM-00235,0.1862,0,Medium,Provider is out of network for this payer | Claim submitted late (timely-filing risk),
CCLM-00418,0.1851,0,Medium,No dominant risk flags; elevated by feature combination,
CCLM-00349,0.1839,0,Medium,No dominant risk flags; elevated by feature combination,
CCLM-00450,0.1823,0,Medium,Referral required but not present,
CCLM-00207,0.1819,0,Medium,Referral required but not present | Claim submitted late (timely-filing risk),
CCLM-00145,0.1803,0,Medium,Patient eligibility not verified,
CCLM-00154,0.1796,0,Medium,Prior authorization required but not on file,
CCLM-00449,0.1796,0,Medium,Provider is out of network for this payer,
CCLM-00438,0.1794,0,Medium,No dominant risk flags; elevated by feature combination,
CCLM-00114,0.1791,0,Medium,No dominant risk flags; elevated by feature combination,
CCLM-00379,0.178,0,Medium,No dominant risk flags; elevated by feature combination,
CCLM-00073,0.1774,0,Medium,No dominant risk flags; elevated by feature combination,
CCLM-00234,0.1774,0,Medium,Prior authorization required but not on file,
CCLM-00230,0.1768,0,Medium,Claim submitted late (timely-filing risk),
CCLM-00061,0.1763,0,Medium,Provider is out of network for this payer | Claim submitted late (timely-filing risk),
CCLM-00233,0.1756,0,Medium,Referral required but not present,
CCLM-00478,0.175,0,Medium,Provider is out of network for this payer,
CCLM-00012,0.1745,0,Medium,No dominant risk flags; elevated by feature combination,
CCLM-00312,0.1745,0,Medium,Required documentation appears to be missing,
CCLM-00110,0.1744,0,Medium,No dominant risk flags; elevated by feature combination,
CCLM-00004,0.1736,0,Medium,Provider is out of network for this payer,
CCLM-00394,0.1727,0,Medium,Provider is out of network for this payer,
CCLM-00378,0.1727,0,Medium,Provider is out of network for this payer | Claim submitted late (timely-filing risk) | Billed amount much higher than expected payment,
CCLM-00194,0.1726,0,Medium,No dominant risk flags; elevated by feature combination,
CCLM-00141,0.1715,0,Medium,No dominant risk flags; elevated by feature combination,
CCLM-00404,0.1714,0,Medium,Provider is out of network for this payer,
CCLM-00497,0.1706,0,Medium,Patient eligibility not verified | Provider is out of network for this payer,
CCLM-00257,0.1706,0,Medium,No dominant risk flags; elevated by feature combination,
CCLM-00183,0.1703,0,Medium,No dominant risk flags; elevated by feature combination,
CCLM-00142,0.1701,0,Medium,Prior authorization required but not on file,
CCLM-00325,0.1688,0,Medium,No dominant risk flags; elevated by feature combination,
CCLM-00020,0.1686,0,Medium,Patient eligibility not verified,
CCLM-00064,0.168,0,Medium,No dominant risk flags; elevated by feature combination,
CCLM-00052,0.168,0,Medium,Required documentation appears to be missing,
CCLM-00048,0.1678,0,Medium,No dominant risk flags; elevated by feature combination,
CCLM-00024,0.1677,0,Medium,No dominant risk flags; elevated by feature combination,
CCLM-00411,0.1677,0,Medium,No dominant risk flags; elevated by feature combination,
CCLM-00015,0.1676,0,Medium,No dominant risk flags; elevated by feature combination,
CCLM-00343,0.1673,0,Medium,No dominant risk flags; elevated by feature combination,
CCLM-00498,0.1673,0,Medium,No dominant risk flags; elevated by feature combination,
CCLM-00362,0.1671,0,Medium,No dominant risk flags; elevated by feature combination,
CCLM-00466,0.1655,0,Medium,No dominant risk flags; elevated by feature combination,
CCLM-00390,0.1653,0,Medium,No dominant risk flags; elevated by feature combination,
CCLM-00188,0.1652,0,Medium,No dominant risk flags; elevated by feature combination,
CCLM-00374,0.1647,0,Medium,No dominant risk flags; elevated by feature combination,
CCLM-00005,0.1647,0,Medium,Billed amount much higher than expected payment,
CCLM-00413,0.1643,0,Medium,Patient eligibility not verified,
CCLM-00075,0.1641,0,Medium,No dominant risk flags; elevated by feature combination,
CCLM-00070,0.1641,0,Medium,Claim submitted late (timely-filing risk),
CCLM-00282,0.1639,0,Medium,Referral required but not present | Billed amount much higher than expected payment,
CCLM-00043,0.1637,0,Medium,No dominant risk flags; elevated by feature combination,
CCLM-00355,0.1636,0,Medium,Claim submitted late (timely-filing risk),
CCLM-00025,0.1636,0,Medium,Referral required but not present,
CCLM-00121,0.1634,0,Medium,No dominant risk flags; elevated by feature combination,
CCLM-00278,0.1634,0,Medium,No dominant risk flags; elevated by feature combination,
CCLM-00164,0.1631,0,Medium,No dominant risk flags; elevated by feature combination,
CCLM-00435,0.1622,0,Medium,Provider is out of network for this payer,
CCLM-00149,0.162,0,Medium,No dominant risk flags; elevated by feature combination,
CCLM-00229,0.1616,0,Medium,No dominant risk flags; elevated by feature combination,
CCLM-00118,0.1605,0,Medium,No dominant risk flags; elevated by feature combination,
CCLM-00472,0.1597,0,Medium,No dominant risk flags; elevated by feature combination,
CCLM-00495,0.1594,0,Medium,No dominant risk flags; elevated by feature combination,
CCLM-00440,0.1594,0,Medium,No dominant risk flags; elevated by feature combination,
CCLM-00369,0.159,0,Medium,No dominant risk flags; elevated by feature combination,
CCLM-00436,0.1579,0,Medium,No dominant risk flags; elevated by feature combination,
CCLM-00086,0.1573,0,Medium,No dominant risk flags; elevated by feature combination,
CCLM-00398,0.1573,0,Medium,No dominant risk flags; elevated by feature combination,
CCLM-00140,0.1569,0,Medium,Provider is out of network for this payer | Billed amount much higher than expected payment,
CCLM-00219,0.1565,0,Medium,Patient eligibility not verified,
CCLM-00437,0.1565,0,Medium,No dominant risk flags; elevated by feature combination,
CCLM-00339,0.1563,0,Medium,Billed amount much higher than expected payment,
CCLM-00395,0.1557,0,Medium,No dominant risk flags; elevated by feature combination,
CCLM-00277,0.1554,0,Medium,Referral required but not present | Provider is out of network for this payer,
CCLM-00375,0.1552,0,Medium,Billed amount much higher than expected payment,
CCLM-00066,0.1544,0,Medium,No dominant risk flags; elevated by feature combination,
CCLM-00367,0.1534,0,Medium,No dominant risk flags; elevated by feature combination,
CCLM-00060,0.1534,0,Medium,No dominant risk flags; elevated by feature combination,
CCLM-00486,0.1533,0,Medium,No dominant risk flags; elevated by feature combination,
CCLM-00057,0.1527,0,Medium,No dominant risk flags; elevated by feature combination,
CCLM-00488,0.1522,0,Medium,Billed amount much higher than expected payment,
CCLM-00227,0.1521,0,Medium,No dominant risk flags; elevated by feature combination,
CCLM-00460,0.1517,0,Medium,Provider is out of network for this payer,
CCLM-00430,0.1515,0,Medium,Patient eligibility not verified,
CCLM-00316,0.1511,0,Medium,No dominant risk flags; elevated by feature combination,
CCLM-00484,0.151,0,Medium,No dominant risk flags; elevated by feature combination,
CCLM-00200,0.1508,0,Medium,No dominant risk flags; elevated by feature combination,
CCLM-00120,0.1505,0,Medium,No dominant risk flags; elevated by feature combination,
CCLM-00045,0.1488,0,Medium,Billed amount much higher than expected payment,
CCLM-00150,0.1486,0,Medium,No dominant risk flags; elevated by feature combination,
CCLM-00113,0.1486,0,Medium,No dominant risk flags; elevated by feature combination,
CCLM-00074,0.1486,0,Medium,No dominant risk flags; elevated by feature combination,
CCLM-00444,0.1484,0,Medium,Provider is out of network for this payer,
CCLM-00332,0.1469,0,Medium,No dominant risk flags; elevated by feature combination,
CCLM-00030,0.1468,0,Medium,No dominant risk flags; elevated by feature combination,
CCLM-00210,0.1453,0,Medium,No dominant risk flags; elevated by feature combination,
CCLM-00420,0.1452,0,Medium,No dominant risk flags; elevated by feature combination,
CCLM-00216,0.1451,0,Medium,Patient eligibility not verified,
CCLM-00429,0.145,0,Medium,No dominant risk flags; elevated by feature combination,
CCLM-00079,0.1443,0,Medium,No dominant risk flags; elevated by feature combination,
CCLM-00095,0.1442,0,Medium,No dominant risk flags; elevated by feature combination,
CCLM-00408,0.1439,0,Medium,No dominant risk flags; elevated by feature combination,
CCLM-00038,0.1435,0,Medium,No dominant risk flags; elevated by feature combination,
CCLM-00131,0.1433,0,Medium,No dominant risk flags; elevated by feature combination,
CCLM-00065,0.1433,0,Medium,Provider is out of network for this payer | Claim submitted late (timely-filing risk),
CCLM-00245,0.142,0,Medium,No dominant risk flags; elevated by feature combination,
CCLM-00489,0.142,0,Medium,No dominant risk flags; elevated by feature combination,
CCLM-00193,0.142,0,Medium,No dominant risk flags; elevated by feature combination,
CCLM-00251,0.1419,0,Medium,No dominant risk flags; elevated by feature combination,
CCLM-00097,0.1419,0,Medium,Provider is out of network for this payer,
CCLM-00453,0.1413,0,Medium,No dominant risk flags; elevated by feature combination,
CCLM-00409,0.14,0,Medium,Patient eligibility not verified,
CCLM-00256,0.1396,0,Medium,No dominant risk flags; elevated by feature combination,
CCLM-00129,0.1392,0,Medium,No dominant risk flags; elevated by feature combination,
CCLM-00132,0.1388,0,Low,No dominant risk flags; elevated by feature combination,
CCLM-00027,0.1386,0,Low,No dominant risk flags; elevated by feature combination,
CCLM-00080,0.138,0,Low,Claim submitted late (timely-filing risk),
CCLM-00160,0.1376,0,Low,No dominant risk flags; elevated by feature combination,
CCLM-00122,0.1374,0,Low,No dominant risk flags; elevated by feature combination,
CCLM-00281,0.1374,0,Low,No dominant risk flags; elevated by feature combination,
CCLM-00260,0.1371,0,Low,No dominant risk flags; elevated by feature combination,
CCLM-00487,0.137,0,Low,Claim submitted late (timely-filing risk),
CCLM-00342,0.1361,0,Low,No dominant risk flags; elevated by feature combination,
CCLM-00246,0.1359,0,Low,Claim submitted late (timely-filing risk),
CCLM-00236,0.1353,0,Low,No dominant risk flags; elevated by feature combination,
CCLM-00181,0.1353,0,Low,No dominant risk flags; elevated by feature combination,
CCLM-00261,0.133,0,Low,Provider is out of network for this payer,
CCLM-00133,0.132,0,Low,Provider is out of network for this payer,
CCLM-00302,0.1318,0,Low,No dominant risk flags; elevated by feature combination,
CCLM-00366,0.1301,0,Low,Patient eligibility not verified,
CCLM-00340,0.1297,0,Low,No dominant risk flags; elevated by feature combination,
CCLM-00314,0.129,0,Low,Referral required but not present,
CCLM-00389,0.1285,0,Low,No dominant risk flags; elevated by feature combination,
CCLM-00172,0.1285,0,Low,Provider is out of network for this payer,
CCLM-00451,0.1277,0,Low,No dominant risk flags; elevated by feature combination,
CCLM-00223,0.1263,0,Low,No dominant risk flags; elevated by feature combination,
CCLM-00283,0.1261,0,Low,No dominant risk flags; elevated by feature combination,
CCLM-00036,0.1256,0,Low,Claim submitted late (timely-filing risk),
CCLM-00127,0.1255,0,Low,No dominant risk flags; elevated by feature combination,
CCLM-00298,0.1253,0,Low,No dominant risk flags; elevated by feature combination,
CCLM-00243,0.1249,0,Low,No dominant risk flags; elevated by feature combination,
CCLM-00169,0.1239,0,Low,No dominant risk flags; elevated by feature combination,
CCLM-00297,0.1239,0,Low,No dominant risk flags; elevated by feature combination,
CCLM-00292,0.1225,0,Low,No dominant risk flags; elevated by feature combination,
CCLM-00107,0.1204,0,Low,Patient eligibility not verified,
CCLM-00033,0.1201,0,Low,No dominant risk flags; elevated by feature combination,
CCLM-00417,0.12,0,Low,Claim submitted late (timely-filing risk),
CCLM-00220,0.1199,0,Low,Referral required but not present,
CCLM-00266,0.1199,0,Low,Claim submitted late (timely-filing risk),
CCLM-00244,0.1194,0,Low,No dominant risk flags; elevated by feature combination,
CCLM-00162,0.1191,0,Low,Provider is out of network for this payer,
CCLM-00490,0.1191,0,Low,Referral required but not present | Provider is out of network for this payer,
CCLM-00241,0.1182,0,Low,Claim submitted late (timely-filing risk),
CCLM-00412,0.1174,0,Low,Patient eligibility not verified | Claim submitted late (timely-filing risk),
CCLM-00226,0.1173,0,Low,No dominant risk flags; elevated by feature combination,
CCLM-00034,0.1171,0,Low,No dominant risk flags; elevated by feature combination,
CCLM-00072,0.1169,0,Low,No dominant risk flags; elevated by feature combination,
CCLM-00237,0.1165,0,Low,No dominant risk flags; elevated by feature combination,
CCLM-00198,0.114,0,Low,No dominant risk flags; elevated by feature combination,
CCLM-00483,0.1136,0,Low,No dominant risk flags; elevated by feature combination,
CCLM-00306,0.1135,0,Low,No dominant risk flags; elevated by feature combination,
CCLM-00238,0.1134,0,Low,Claim submitted late (timely-filing risk),
CCLM-00112,0.1123,0,Low,No dominant risk flags; elevated by feature combination,
CCLM-00396,0.1123,0,Low,No dominant risk flags; elevated by feature combination,
CCLM-00493,0.112,0,Low,No dominant risk flags; elevated by feature combination,
CCLM-00479,0.1114,0,Low,No dominant risk flags; elevated by feature combination,
CCLM-00276,0.1107,0,Low,Provider is out of network for this payer,
CCLM-00249,0.1107,0,Low,No dominant risk flags; elevated by feature combination,
CCLM-00499,0.1104,0,Low,No dominant risk flags; elevated by feature combination,
CCLM-00001,0.11,0,Low,Provider is out of network for this payer,
CCLM-00161,0.1096,0,Low,No dominant risk flags; elevated by feature combination,
CCLM-00348,0.1095,0,Low,Referral required but not present,
CCLM-00228,0.1094,0,Low,Provider is out of network for this payer,
CCLM-00218,0.1088,0,Low,Provider is out of network for this payer,
CCLM-00146,0.1087,0,Low,No dominant risk flags; elevated by feature combination,
CCLM-00368,0.1084,0,Low,No dominant risk flags; elevated by feature combination,
CCLM-00258,0.1077,0,Low,No dominant risk flags; elevated by feature combination,
CCLM-00274,0.1077,0,Low,No dominant risk flags; elevated by feature combination,
CCLM-00016,0.1052,0,Low,No dominant risk flags; elevated by feature combination,
CCLM-00456,0.1049,0,Low,No dominant risk flags; elevated by feature combination,
CCLM-00201,0.1045,0,Low,No dominant risk flags; elevated by feature combination,
CCLM-00021,0.1045,0,Low,No dominant risk flags; elevated by feature combination,
CCLM-00433,0.1044,0,Low,No dominant risk flags; elevated by feature combination,
CCLM-00264,0.1038,0,Low,No dominant risk flags; elevated by feature combination,
CCLM-00406,0.1033,0,Low,No dominant risk flags; elevated by feature combination,
CCLM-00105,0.1031,0,Low,No dominant risk flags; elevated by feature combination,
CCLM-00093,0.1027,0,Low,No dominant risk flags; elevated by feature combination,
CCLM-00356,0.1027,0,Low,No dominant risk flags; elevated by feature combination,
CCLM-00002,0.1024,0,Low,Claim submitted late (timely-filing risk),
CCLM-00008,0.1023,0,Low,No dominant risk flags; elevated by feature combination,
CCLM-00357,0.1022,0,Low,Provider is out of network for this payer,
CCLM-00047,0.1021,0,Low,No dominant risk flags; elevated by feature combination,
CCLM-00323,0.1018,0,Low,No dominant risk flags; elevated by feature combination,
CCLM-00225,0.1017,0,Low,No dominant risk flags; elevated by feature combination,
CCLM-00391,0.1015,0,Low,No dominant risk flags; elevated by feature combination,
CCLM-00426,0.1014,0,Low,No dominant risk flags; elevated by feature combination,
CCLM-00485,0.1013,0,Low,No dominant risk flags; elevated by feature combination,
CCLM-00100,0.101,0,Low,No dominant risk flags; elevated by feature combination,
CCLM-00293,0.1006,0,Low,No dominant risk flags; elevated by feature combination,
CCLM-00387,0.1003,0,Low,Referral required but not present,
CCLM-00346,0.0994,0,Low,Provider is out of network for this payer,
CCLM-00078,0.0984,0,Low,No dominant risk flags; elevated by feature combination,
CCLM-00353,0.0978,0,Low,Provider is out of network for this payer | Claim submitted late (timely-filing risk),
CCLM-00211,0.0972,0,Low,No dominant risk flags; elevated by feature combination,
CCLM-00434,0.0965,0,Low,No dominant risk flags; elevated by feature combination,
CCLM-00069,0.0962,0,Low,No dominant risk flags; elevated by feature combination,
CCLM-00403,0.0961,0,Low,No dominant risk flags; elevated by feature combination,
CCLM-00347,0.096,0,Low,Provider is out of network for this payer,
CCLM-00363,0.0954,0,Low,No dominant risk flags; elevated by feature combination,
CCLM-00330,0.0953,0,Low,No dominant risk flags; elevated by feature combination,
CCLM-00175,0.0952,0,Low,Provider is out of network for this payer,
CCLM-00035,0.095,0,Low,No dominant risk flags; elevated by feature combination,
CCLM-00083,0.0948,0,Low,No dominant risk flags; elevated by feature combination,
CCLM-00425,0.0944,0,Low,No dominant risk flags; elevated by feature combination,
CCLM-00350,0.0942,0,Low,No dominant risk flags; elevated by feature combination,
CCLM-00242,0.094,0,Low,No dominant risk flags; elevated by feature combination,
CCLM-00351,0.0935,0,Low,No dominant risk flags; elevated by feature combination,
CCLM-00273,0.0928,0,Low,No dominant risk flags; elevated by feature combination,
CCLM-00286,0.0925,0,Low,Referral required but not present,
CCLM-00084,0.0921,0,Low,No dominant risk flags; elevated by feature combination,
CCLM-00111,0.0917,0,Low,No dominant risk flags; elevated by feature combination,
CCLM-00138,0.0914,0,Low,No dominant risk flags; elevated by feature combination,
CCLM-00361,0.0913,0,Low,No dominant risk flags; elevated by feature combination,
CCLM-00309,0.0912,0,Low,No dominant risk flags; elevated by feature combination,
CCLM-00336,0.0911,0,Low,No dominant risk flags; elevated by feature combination,
CCLM-00458,0.0908,0,Low,Provider is out of network for this payer,
CCLM-00041,0.0903,0,Low,No dominant risk flags; elevated by feature combination,
CCLM-00096,0.0903,0,Low,No dominant risk flags; elevated by feature combination,
CCLM-00265,0.0889,0,Low,Provider is out of network for this payer,
CCLM-00155,0.0889,0,Low,No dominant risk flags; elevated by feature combination,
CCLM-00205,0.0888,0,Low,No dominant risk flags; elevated by feature combination,
CCLM-00197,0.0885,0,Low,No dominant risk flags; elevated by feature combination,
CCLM-00232,0.0882,0,Low,No dominant risk flags; elevated by feature combination,
CCLM-00480,0.0879,0,Low,No dominant risk flags; elevated by feature combination,
CCLM-00059,0.0872,0,Low,No dominant risk flags; elevated by feature combination,
CCLM-00465,0.087,0,Low,No dominant risk flags; elevated by feature combination,
CCLM-00301,0.0869,0,Low,No dominant risk flags; elevated by feature combination,
CCLM-00167,0.0866,0,Low,No dominant risk flags; elevated by feature combination,
CCLM-00454,0.0855,0,Low,No dominant risk flags; elevated by feature combination,
CCLM-00090,0.0853,0,Low,No dominant risk flags; elevated by feature combination,
CCLM-00329,0.0852,0,Low,No dominant risk flags; elevated by feature combination,
CCLM-00428,0.0846,0,Low,No dominant risk flags; elevated by feature combination,
CCLM-00186,0.0842,0,Low,No dominant risk flags; elevated by feature combination,
CCLM-00289,0.0838,0,Low,No dominant risk flags; elevated by feature combination,
CCLM-00056,0.0829,0,Low,No dominant risk flags; elevated by feature combination,
CCLM-00300,0.0822,0,Low,No dominant risk flags; elevated by feature combination,
CCLM-00399,0.0819,0,Low,Provider is out of network for this payer,
CCLM-00462,0.0818,0,Low,No dominant risk flags; elevated by feature combination,
CCLM-00123,0.0799,0,Low,No dominant risk flags; elevated by feature combination,
CCLM-00335,0.0787,0,Low,Provider is out of network for this payer,
CCLM-00482,0.0765,0,Low,No dominant risk flags; elevated by feature combination,
CCLM-00119,0.0765,0,Low,No dominant risk flags; elevated by feature combination,
CCLM-00327,0.0763,0,Low,No dominant risk flags; elevated by feature combination,
CCLM-00267,0.0763,0,Low,No dominant risk flags; elevated by feature combination,
CCLM-00414,0.0762,0,Low,No dominant risk flags; elevated by feature combination,
CCLM-00022,0.0759,0,Low,No dominant risk flags; elevated by feature combination,
CCLM-00026,0.0757,0,Low,No dominant risk flags; elevated by feature combination,
CCLM-00185,0.0751,0,Low,No dominant risk flags; elevated by feature combination,
CCLM-00427,0.0746,0,Low,No dominant risk flags; elevated by feature combination,
CCLM-00419,0.0745,0,Low,No dominant risk flags; elevated by feature combination,
CCLM-00250,0.0743,0,Low,No dominant risk flags; elevated by feature combination,
CCLM-00445,0.0738,0,Low,No dominant risk flags; elevated by feature combination,
CCLM-00284,0.0737,0,Low,No dominant risk flags; elevated by feature combination,
CCLM-00303,0.0719,0,Low,No dominant risk flags; elevated by feature combination,
CCLM-00010,0.0717,0,Low,No dominant risk flags; elevated by feature combination,
CCLM-00029,0.0707,0,Low,Provider is out of network for this payer,
CCLM-00358,0.0693,0,Low,No dominant risk flags; elevated by feature combination,
CCLM-00400,0.0692,0,Low,No dominant risk flags; elevated by feature combination,
CCLM-00442,0.069,0,Low,No dominant risk flags; elevated by feature combination,
CCLM-00322,0.0666,0,Low,No dominant risk flags; elevated by feature combination,
CCLM-00153,0.0646,0,Low,No dominant risk flags; elevated by feature combination,
CCLM-00415,0.0627,0,Low,No dominant risk flags; elevated by feature combination,
CCLM-00208,0.0588,0,Low,No dominant risk flags; elevated by feature combination,
